aptamer_id,aptamer_name,sequence,nucleic_acid_type,target_name,target_type,kd_value,kd_unit,source_database,reference_doi
APT001,TBA15,GGTTGGTGTGGTTGG,DNA,Thrombin,protein,25.0,nM,AptaDB,10.1038/355564a0
APT002,TBA29,AGTCCGTGGTAGGGCAGGTTGGGGTGACT,DNA,Thrombin,protein,0.5,nM,AptaDB,10.1006/jmbi.1997.1013
APT003,HD1,GGTTGGTGTGGTTGG,DNA,Thrombin,protein,100.0,nM,Apta-Index,10.1038/355564a0
APT004,NU172,CGCCTAGGTTGGGTAGGGTGGTGGCG,DNA,Thrombin,protein,0.3,nM,AptaDB,
APT005,Macugen,CGGAAUCAGUGAAUGCUUAUACAUCCG,RNA,VEGF165,protein,0.05,nM,UTexas,10.1038/nature03563
APT006,VEGF-apt1,ATACCAGTCTATTCAATTGGGCCCGTCCGTATGGTGGGT,DNA,VEGF165,protein,1.4,nM,AptaDB,10.1021/bi015723l
APT007,SL2-B,CAATTGGGCCCGTCCGTATGGTGGGTGTGCTGGCC,DNA,VEGF,protein,2.5,nM,Ribocentre,
APT008,PDGF-apt36t,CAGGCTACGGCACGTAGAGCATCACCATGATCCTG,DNA,PDGF-BB,protein,0.1,nM,AptaDB,10.1073/pnas.95.11.5462
APT009,PDGF-apt-B,TGGGAGGGCGGGGTGGGGAAATCAGTGT,DNA,PDGF-BB,protein,0.5,nM,UTexas,
APT010,D17.4,GGGGCACGTTTATCCGTCCCTCCTAGTGGCGTGCCCC,DNA,IgE,protein,10.0,nM,AptaDB,10.1073/pnas.93.18.9779
APT011,IgE-R1,GCGCGGGGCACGTTTATCCGTCCCTCCTAGTGGCGTGCCCCGCGC,DNA,IgE,protein,33.0,nM,Apta-Index,
APT012,Lys-apt1,ATCAGGGCTAAAGAGTGCAGAGTTACTTAG,DNA,Lysozyme,protein,31.0,nM,AptaDB,10.1016/j.ab.2007.07.014
APT013,Lys-RNA1,GGGAAUUCCGCGUGUGCGCCGCGGAAGACGUUGGAAGGAUAGAUACCUGGAAUGCUG,RNA,Lysozyme,protein,5.0,nM,UTexas,
APT014,SA-apt1,GGTGGTGGGGGGGTAGTCTTCTTTGGGTTGGTGTGGTTGG,DNA,Streptavidin,protein,50.0,nM,AptaDB,
APT015,SA-RNA,ACCGACCAGAAUUCAUACCACCCUGCAGGUACCGUAACAGACU,RNA,Streptavidin,protein,70.0,nM,Ribocentre,
APT016,IGA3,GGTGGTGGGGGGGGTTATTCAAGCCGATCTCTGAACCTGTCCT,DNA,Insulin,protein,12.0,nM,AptaDB,10.1016/j.bios.2012.11.015
APT017,Ins-SL1,ACAGCUUGAUACUGAUUUCACCAUUUGUUCAGUAAGCUGCCC,RNA,Insulin,protein,,nM,UTexas,
APT018,VR11,TGGATGGGATGGATAGGATGTGTGGGTGTCGG,DNA,TNF-alpha,protein,7.0,nM,AptaDB,10.1016/j.ab.2013.09.018
APT019,TNF-apt2,GCCTGTAATGGGAGGGGTGGGTAGGTGTCAGCCAGC,DNA,TNF-alpha,protein,3.2,nM,Apta-Index,
APT020,IFNg-apt1,GGGGTTGGTTGTGTTGGGTGTGGTGGGGTGGGATTG,DNA,Interferon-gamma,protein,1.8,nM,AptaDB,
APT021,IFNg-R1,UUCCCGCCAUAGAAUCAUGCCAUUUUGUUGUUAAUUUUUUGGA,RNA,Interferon-gamma,protein,10.0,nM,UTexas,
APT022,EGF-apt1,ATCGATCGATCGATCGATCGGGGTGGGGTGGGGCGATCGATCG,DNA,EGF,protein,50.0,nM,Ribocentre,
APT023,CL4,GCCUUAGUAACGUGCUUUGAUGUCGAUUCGACAGGAGGC,RNA,EGFR,protein,10.0,nM,AptaDB,10.1158/1535-7163.MCT-11-0532
APT024,E07,AUCGAUUGAUUGACAGCGGGUGGGCAACGAAUUGACAUCGAU,RNA,EGFR,protein,2.4,nM,AptaDB,
APT025,PSA-apt1,TATTCAATTGATGGGGTGGGGGTGGTATCCATCTTTGTAG,DNA,PSA,protein,5.0,nM,AptaDB,10.1016/j.talanta.2012.04.061
APT026,PSA-apt2,AATTAAAGCTCGCCATCAAATAGCTGGGGGGTGGCTG,DNA,PSA,protein,20.0,nM,UTexas,
APT027,CRP-apt1,CGAAGGGGATTCGAGGGGTGATTGCGTGCTCCATTTGGTG,DNA,C-reactive protein,protein,3.5,nM,AptaDB,
APT028,CRP-R40,GGCAGGAAGACAAACAGCCAGCGTGACAGCGACGCGGGGCUGUUUUG,RNA,C-reactive protein,protein,15.0,nM,Ribocentre,
APT029,PCSK9-apt1,GGGAGGACGAUGCGGCAGUGGGGGCAGUCCUUCGUAGAUAGC,RNA,PCSK9,protein,5.0,nM,AptaDB,
APT030,HER2-apt1,GCAGCGGTGTGGGGGCAGCGGTGTGGGGGCAATCG,DNA,HER2,protein,18.9,nM,AptaDB,10.1093/nar/gks1032
APT031,HER2-SE15,AACCGCCCAAAUCCCCCAGCUUGCCCAUAGCCUUUCAUAGCCC,RNA,HER2,protein,0.4,nM,UTexas,
APT032,AS1411,GGTGGTGGTGGTTGTGGTGGTGGTGG,DNA,Nucleolin,protein,2.0,nM,AptaDB,10.1074/jbc.M608463200
APT033,AS1411-v2,GGTGGTGGTGGTGGTGGTGGTGG,DNA,Nucleolin,protein,5.0,nM,Apta-Index,
APT034,OPN-R3,CGGCCACAGAAUGAAAAACCUCAUCGAUGUUGCAUAGUUG,RNA,Osteopontin,protein,18.0,nM,AptaDB,
APT035,MUC1-apt,GCAGTTGATCCTTTGGATACCCTGG,DNA,MUC1,protein,47.3,nM,AptaDB,
APT036,Tf-apt1,AAUGGGCGAUAGGUGGUGCAAGGUAACCCCGGGCCCAUCGG,RNA,Transferrin,protein,25.0,nM,UTexas,
APT037,HSA-apt1,TGCGATGACAGCGCTTGACGATTGTCGTCGCATGA,DNA,Human serum albumin,protein,100.0,nM,AptaDB,
APT038,HSA-apt2,GGCGUAGUGGAUUGCGUAGCAGGUGCAGCCGAUCGCC,RNA,Human serum albumin,protein,200.0,nM,Ribocentre,
APT039,IL6-apt1,GGTGGGTGGGGATTGGCCCAATCAGAGAGGTAGCCC,DNA,Interleukin-6,protein,12.0,nM,AptaDB,
APT040,IL6-R1,GGGAGAAUUCCGACCAGAAGGGUUAGCAGUCGGCAUGCCGUACC,RNA,Interleukin-6,protein,0.2,nM,UTexas,
APT041,CTLA4-apt1,GCCGGUAGUGGUGGGUAAGUGGCUGGGCGUUAGCGGUGCC,RNA,CTLA-4,protein,30.0,nM,AptaDB,
APT042,PDL1-apt1,ACGGGCCACATCAACTCATTGATAGACAATGCGTCCACTGCCCGT,DNA,PD-L1,protein,4.7,nM,AptaDB,
APT043,PDL1-apt2,GGAUGCCCAAGAUGAAAUCCAAGCGCAAGCUUGUACUCAUCC,RNA,PD-L1,protein,2.0,nM,Ribocentre,
APT044,CD20-apt1,GGCAGTGGTTGGGGGGGATCCTGTATATGTCCTGCC,DNA,CD20,protein,60.0,nM,UTexas,
APT045,Fib-apt1,ACATTGATCGGTGTGGGGTTGGACATCCATATCGCTCTGAATG,DNA,Fibrinogen,protein,40.0,nM,AptaDB,
APT046,Try-apt1,CCGTCAATGGGCAGAGGTCTAATATCCCTATGTGGCACG,DNA,Trypsin,protein,,nM,Apta-Index,
APT047,C5-apt1,GCCUUAGUAACGUGCUUUGAUGUCGAUUCGACAGGAGGC,RNA,Complement C5,protein,2.0,nM,AptaDB,
APT048,PrP-apt1,GGGAGACATGTTACTTGGGGTGGGTGGGATCGTCAGCTTGTCCC,DNA,Prion protein,protein,25.0,nM,AptaDB,
APT049,PDGF-A-apt1,CAGGGGCACGTTAAGTCATGATCCTGTTTGATCCCCTG,DNA,PDGF-AA,protein,0.3,nM,UTexas,
APT050,Elast-apt1,UAGCAACCUACAAGCCGAUUACGGGAGAGCGCCCAGAUAUCC,RNA,Neutrophil elastase,protein,,nM,AptaDB,
APT051,AFP-apt1,GTGACGCTCCTAACGCTGACTCAGGTGCAGTTCTCGACTCGTCTG,DNA,Alpha-fetoprotein,protein,8.0,nM,AptaDB,
APT052,Ang2-apt1,AUACCAGCUUAUUCAAUUGGAGGGGUGGGAUAUCACUUAUUAUAC,RNA,Angiopoietin-2,protein,3.1,nM,AptaDB,
APT053,cTnI-apt1,CGTGCAGTACGCCAACCTTTCTCATGCGCTGCCCCTCTTAG,DNA,Cardiac troponin I,protein,60.0,nM,AptaDB,
APT054,Hb-apt1,GGGTAGGGCGGGTTGGGAAATGGGAATTCGAGCTGAGCCCC,DNA,Hemoglobin,protein,,nM,Ribocentre,
APT055,FGF2-apt1,GGGAUAGAUACCAACGCCACUAUAGCGAGAAUCCGAAGCUCC,RNA,FGF2,protein,0.35,nM,AptaDB,
